{
  "hash": "cb834233",
  "configHash": "af6abeff",
  "lockfileHash": "f8c37f71",
  "browserHash": "51ad888d",
  "optimized": {
    "@angular/common": {
      "src": "../../../../../../node_modules/@angular/common/fesm2022/common.mjs",
      "file": "@angular_common.js",
      "fileHash": "49582cd1",
      "needsInterop": false
    },
    "@angular/core": {
      "src": "../../../../../../node_modules/@angular/core/fesm2022/core.mjs",
      "file": "@angular_core.js",
      "fileHash": "003f0e10",
      "needsInterop": false
    },
    "@angular/forms": {
      "src": "../../../../../../node_modules/@angular/forms/fesm2022/forms.mjs",
      "file": "@angular_forms.js",
      "fileHash": "ab099610",
      "needsInterop": false
    },
    "@angular/platform-browser": {
      "src": "../../../../../../node_modules/@angular/platform-browser/fesm2022/platform-browser.mjs",
      "file": "@angular_platform-browser.js",
      "fileHash": "58f181f4",
      "needsInterop": false
    },
    "@angular/router": {
      "src": "../../../../../../node_modules/@angular/router/fesm2022/router.mjs",
      "file": "@angular_router.js",
      "fileHash": "44d3b76c",
      "needsInterop": false
    }
  },
  "chunks": {
    "chunk-JELECP5X": {
      "file": "chunk-JELECP5X.js"
    },
    "chunk-GXYBOUXQ": {
      "file": "chunk-GXYBOUXQ.js"
    },
    "chunk-N4DX67WA": {
      "file": "chunk-N4DX67WA.js"
    }
  }
}